live_name,live_link,live_thumbnail,live_views,live_date,live_type,channel_thumbnail,channel_name,channel_link
/watch?v=9LsozO41xho,https://www.youtube.com//watch?v=9LsozO41xho,https://www.youtube.com/not-found,17M views,7 months ago,Stream,https://www.youtube.com/https://i.ytimg.com/vi/9LsozO41xho/hq720.jpg?sqp=-oaymwEcCOgCEMoBSFXyq4qpAw4IARUAAIhCGAFwAcABBg==&rs=AOn4CLBatJiIVy9DF6yOI-sZtQ7U87lHaQ,Daddy Yankee,https://www.youtube.com//channel/UC9TO_oo4c_LrOiKNaY6aysA
/watch?v=64NsoH6kbu4,https://www.youtube.com//watch?v=64NsoH6kbu4,https://www.youtube.com/not-found,15M views,4 months ago,Stream,https://www.youtube.com/https://i.ytimg.com/vi/64NsoH6kbu4/hq720.jpg?sqp=-oaymwEcCOgCEMoBSFXyq4qpAw4IARUAAIhCGAFwAcABBg==&rs=AOn4CLCFiSUNRfzhj3zZeBuZdLjc5ZvkDw,Gusttavo Lima Oficial,https://www.youtube.com//channel/UCXooz9whNJZBRTHi9AqdjPw
/watch?v=msfdz_aksY8,https://www.youtube.com//watch?v=msfdz_aksY8,https://www.youtube.com/not-found,13M views,1 month ago,Stream,https://www.youtube.com/https://i.ytimg.com/vi/msfdz_aksY8/hq720.jpg?sqp=-oaymwEcCOgCEMoBSFXyq4qpAw4IARUAAIhCGAFwAcABBg==&rs=AOn4CLD4xlSGtDTvSri8vEGACOcQdzOqyw,Eurovision Song Contest,https://www.youtube.com//user/eurovision
/watch?v=xlMZmGGoi0U,https://www.youtube.com//watch?v=xlMZmGGoi0U,https://www.youtube.com/not-found,13M views,4 weeks ago,Stream,https://www.youtube.com/https://i.ytimg.com/vi/xlMZmGGoi0U/hq720.jpg?sqp=-oaymwEcCOgCEMoBSFXyq4qpAw4IARUAAIhCGAFwAcABBg==&rs=AOn4CLC1OlcbY0ve57d7mLC9qeUCZaZdyg,Wesley Safadão,https://www.youtube.com//channel/UCciJLMuECsXuOyhA4FO48Sg
/watch?v=WdqMsq7658g,https://www.youtube.com//watch?v=WdqMsq7658g,https://www.youtube.com/not-found,13M views,9 months ago,Other,https://www.youtube.com/https://i.ytimg.com/vi/WdqMsq7658g/hq720.jpg?sqp=-oaymwEcCOgCEMoBSFXyq4qpAw4IARUAAIhCGAFwAcABBg==&rs=AOn4CLBTbnMUl1WoBiZX-vwpOmmyF61djA,Momento Sertanejo,https://www.youtube.com//channel/UCXHtG3b3rGmK8NLY3_LsIJA
/watch?v=fabdRfuvgyg,https://www.youtube.com//watch?v=fabdRfuvgyg,https://www.youtube.com/not-found,13M views,10 months ago,Other,https://www.youtube.com/https://i.ytimg.com/vi/fabdRfuvgyg/hq720.jpg?sqp=-oaymwEcCOgCEMoBSFXyq4qpAw4IARUAAIhCGAFwAcABBg==&rs=AOn4CLD3UIYZQ9iqPVspQd4k9axW6wLK9g,FM O DIA,https://www.youtube.com//user/radiofmodia
/watch?v=SsLXJWm9IZU,https://www.youtube.com//watch?v=SsLXJWm9IZU,https://www.youtube.com/not-found,10M views,3 months ago,Stream,https://www.youtube.com/not-found,Gusttavo Lima Oficial,https://www.youtube.com//channel/UCXooz9whNJZBRTHi9AqdjPw
/watch?v=tO7CCP7liwI,https://www.youtube.com//watch?v=tO7CCP7liwI,https://www.youtube.com/not-found,10M views,11 months ago,Other,https://www.youtube.com/not-found,Coldplay,https://www.youtube.com//channel/UCDPM_n1atn2ijUwHd0NNRQw
/watch?v=lj4dQka42ZQ,https://www.youtube.com//watch?v=lj4dQka42ZQ,https://www.youtube.com/not-found,9.8M views,3 months ago,Stream,https://www.youtube.com/not-found,Wesley Safadão,https://www.youtube.com//channel/UCciJLMuECsXuOyhA4FO48Sg
/watch?v=urJmq-u3tmc,https://www.youtube.com//watch?v=urJmq-u3tmc,https://www.youtube.com/not-found,9.5M views,10 months ago,Other,https://www.youtube.com/not-found,Momento Sertanejo,https://www.youtube.com//channel/UCXHtG3b3rGmK8NLY3_LsIJA
/watch?v=DWZIfsaIgtE,https://www.youtube.com//watch?v=DWZIfsaIgtE,https://www.youtube.com/not-found,8.6M views,9 months ago,Stream,https://www.youtube.com/not-found,Minecraft,https://www.youtube.com//user/TeamMojang
/watch?v=RTpWYWIfP7Y,https://www.youtube.com//watch?v=RTpWYWIfP7Y,https://www.youtube.com/not-found,7.8M views,1 week ago,Stream,https://www.youtube.com/not-found,Virgin Galactic,https://www.youtube.com//user/virgingalactic
/watch?v=yZBBqXG129Q,https://www.youtube.com//watch?v=yZBBqXG129Q,https://www.youtube.com/not-found,6.8M views,7 months ago,Stream,https://www.youtube.com/not-found,Michou,https://www.youtube.com//channel/UCo3i0nUzZjjLuM7VjAVz4zA
/watch?v=NUSjkXvKOKc,https://www.youtube.com//watch?v=NUSjkXvKOKc,https://www.youtube.com/not-found,6.6M views,8 months ago,Other,https://www.youtube.com/not-found,Momento Sertanejo,https://www.youtube.com//channel/UCXHtG3b3rGmK8NLY3_LsIJA
/watch?v=wx1WbyBs_Hg,https://www.youtube.com//watch?v=wx1WbyBs_Hg,https://www.youtube.com/not-found,6.5M views,2 months ago,Stream,https://www.youtube.com/not-found,Xand Avião,https://www.youtube.com//channel/UCfuRRJ76VluLiHW2pqwZNwg
/watch?v=rmocMMCXguo,https://www.youtube.com//watch?v=rmocMMCXguo,https://www.youtube.com/not-found,5.6M views,2 weeks ago,Stream,https://www.youtube.com/not-found,Total Gaming,https://www.youtube.com//channel/UC5c9VlYTSvBSCaoMu_GI6gQ
/watch?v=2BPk_Uw3Kf4,https://www.youtube.com//watch?v=2BPk_Uw3Kf4,https://www.youtube.com/not-found,5.3M views,2 weeks ago,Stream,https://www.youtube.com/not-found,NOW UNITED,https://www.youtube.com//channel/UColnnUYyz7CWjhzpF1kASnw
/watch?v=gW_76tYGEaY,https://www.youtube.com//watch?v=gW_76tYGEaY,https://www.youtube.com/not-found,5.2M views,3 months ago,Stream,https://www.youtube.com/not-found,Zé Vaqueiro,https://www.youtube.com//channel/UCF1QpivnnDnbM85kPbR-sWA
/watch?v=DGkmEfqGB-U,https://www.youtube.com//watch?v=DGkmEfqGB-U,https://www.youtube.com/not-found,5.2M views,1 month ago,Stream,https://www.youtube.com/not-found,Zé Vaqueiro,https://www.youtube.com//channel/UCF1QpivnnDnbM85kPbR-sWA
/watch?v=EUP5bWVFVtQ,https://www.youtube.com//watch?v=EUP5bWVFVtQ,https://www.youtube.com/not-found,5.1M views,3 months ago,Stream,https://www.youtube.com/not-found,Leonardo,https://www.youtube.com//channel/UC-kCNs2KVMx0WN-tfysYTIw
